<?xml version="1.0" encoding="UTF-8"?>
<build-type xmlns:xsi="http://www.w3.org/2001/XMLSchema-instance" uuid="1d33505c-30bd-49eb-b1fa-f299614de56c" xsi:noNamespaceSchemaLocation="http://www.jetbrains.com/teamcity/schemas/9.0/project-config.xsd">
  <name>bower</name>
  <description />
  <settings ref="MovieDatabase_BuildAndDeploy">
    <parameters />
    <build-runners order="RUNNER_19, RUNNER_14, RUNNER_15">
      <runner id="RUNNER_19" name="Bower" type="simpleRunner">
        <parameters>
          <param name="script.content" value="bower install" />
          <param name="teamcity.step.mode" value="default" />
          <param name="use.custom.script" value="true" />
        </parameters>
      </runner>
    </build-runners>
    <vcs-settings>
      <vcs-entry-ref root-id="MovieDatabase_SAxel" />
    </vcs-settings>
    <requirements />
    <build-triggers>
      <build-trigger id="vcsTrigger" type="vcsTrigger">
        <parameters>
          <param name="quietPeriodMode" value="DO_NOT_USE" />
          <param name="triggerRules" value="+:bower.json" />
        </parameters>
      </build-trigger>
    </build-triggers>
    <cleanup />
  </settings>
</build-type>

